Year,Name,Paid
2017,Randy Detman,647
2017,Watsonville,40
2017,Morning Glory,190
2017,Tom Brady,337
2018,Randy Detman,950
2018,Morning Glory,367
2018,Tom Brady,567
2019,Randy Detman,938.98
2019,Morning Glory,725
2019,Tom Brady,700
2019,Bitter Barbie,128
2019,Chicago,256
2019,Florida,106.37
2019,Burntwood Gardens,114
2019,Scotland,75
2019,Tarot,20
2021,Randy Detman,990.50
2021,Morning Glory,990.50
2022,Randy Detman,"2,002.94"
2022,Morning Glory,566.00
2022,Tom Brady,"1,250.00"
2022,Bitter Barbie,772.52
2022,Burntwood Gardens,176.74
2023,Randy Detman,"1,345.46"
2023,Watsonville,"1,250.00"
2023,Morning Glory,554.00
2023,Bitter Barbie,"1,012.05"
2023,Burntwood Gardens,272.00
2023,Latvia,51.00
2023,Randy Detman,200.00
2024,Randy Detman,1857
